UID,growth_stage
F3LbWkZq,0
6P4wLVzI,0
Tn6HIrdS,0
EYM5R1TK,0
fkcevlA0,0
QumzsyqU,0
I5axlwYR,0
C95wnKFx,0
79kzEdvF,0
YSCVBnkr,0
Zmw5jCv8,0
a1dESxDL,0
yxR8khFG,0
qiAeBInp,0
nlsuxPb1,0
QipL41yR,0
ez51RTAd,0
OHs5wU4D,0
8mAFW0O5,0
h1q6dJaE,0
lzbf64tR,0
fbFrvuMy,0
YL9uPlKQ,0
3fmyxTPW,0
TRiWtzmH,0
ea5vKYbg,0
ev4J9Znk,0
JlzBWAiQ,0
02r3NCOn,0
5yzDhIG9,0
uFov7HMj,0
Mdbf7phC,0
XEqn72xH,0
yOpjAIEd,0
csKGjRnZ,0
sLmqi4MF,0
n4x93S0A,0
cjLbHRd2,0
5yBodArn,0
2RJg5kn1,0
yF85wofa,0
WEzAFuQd,0
u8X70MTq,0
0BhesCpG,0
d5gMpF8s,0
qOXf7gQG,0
SHIy1VBR,0
AiDCWG4w,0
aVItZUgv,0
TEpU9c0h,0
pBvjka2l,0
fA9P6aYp,0
ArLekHmw,0
dx9zDI1e,0
7K5V1qG4,0
boG3WrF7,0
R2GBX9wI,0
XrOI6yVi,0
eclVvtOL,0
GsXZT1Hu,0
SiyhPHu5,0
98yimZvV,0
dx2tF06s,0
EYvnWRTh,0
KGhCX2oB,0
tldHprfI,0
x5hbDg1Y,0
RYdI3Cya,0
WNJweB4n,0
OQoNfCxV,0
bjGUWPe1,0
UtNC8AL1,0
YWLtgXcQ,0
Xd2xPqn7,0
LVC04ANW,0
LJ8AaeO6,0
GZvLNXSI,0
naiN5fbQ,0
KMi2kNm4,0
sWr8Zvl2,0
5wsJPzrh,0
DZpvzFb2,0
RKNUVDeX,0
6N5XgjhW,0
OX9beHvY,0
buWisBrV,0
7of35Qmn,0
9N5UQmr2,0
Iap5Fkeq,0
pukYiMEN,0
Z2Sf803X,0
taWmpYMU,0
kHWwU7nd,0
kqSXD47h,0
pQeSBWNw,0
pOQhoCkw,0
pPZKThN5,0
uLfYIlD6,0
c2zkC7AD,0
gUMoeSmx,0
m0GrH6Qu,0
XpThrgWz,0
K7NB9DTQ,0
YujpNm58,0
0GRH81Ev,0
vyZBw8WL,0
uGBiYKVX,0
jmOu8DPN,0
0Zp6G1zs,0
VLvsAB8F,0
FcMpiv4n,0
erSItOf1,0
4QXUpDVk,0
f6tXCglR,0
sVtrXnpY,0
VKaq96EM,0
D6dw8UaW,0
uby8XZgs,0
OAx5qNTG,0
PFyoJOdT,0
1rhsHvSO,0
oaEKXJ4f,0
mOZfMR50,0
xHe0nRLq,0
B1KLFaCp,0
9xI2MwDG,0
nMOl7Js2,0
pblEtqOz,0
IMyaU8WK,0
MyJTuOUe,0
IWFw1sHo,0
65cdV1b4,0
qlXUI5Hh,0
S2UGg4IN,0
9pK6zYu4,0
K0fpXvQA,0
gNWqte1i,0
HFnQZu5t,0
KlVa4s2d,0
oGWwB125,0
dY9xXJIf,0
KIfDXFN7,0
M5La7dTH,0
yat5IxlF,0
7cHqVYEa,0
XTUm4pk9,0
pfsIehvA,0
kixnBarj,0
j4AbTcna,0
BtifD0PE,0
R0viFJGM,0
MeCwnSEy,0
prnh2i4F,0
ErwHC7f5,0
rNI1anAU,0
QD3LgpiB,0
9caYEKud,0
4caw69d8,0
jrqAldxh,0
vb159dek,0
RpzD1ZHg,0
iGfhc9Nk,0
RS9fIzCG,0
GPWkxtag,0
4B8JY9sm,0
b2O1WTqZ,0
rOt4IsbF,0
ZO4tqAE2,0
WDvz8Caq,0
ajgx0Fht,0
LvQq7FZE,0
e8OpGTLl,0
hZ8qSVrc,0
XABOH41b,0
iofzl16n,0
ZYdt4igv,0
BRUx6jSV,0
KVW6gpm0,0
x6SfnMrI,0
R93zSUNI,0
9KyDL5HJ,0
AdDZ3TaQ,0
rxGSm1Cw,0
xEMCuJg1,0
MN7V0SaA,0
gbluswdc,0
ZJAeF7bT,0
Dvpu59lP,0
oZ17Eqdc,0
CUNu4nQy,0
obgEa68r,0
OLpr4u5v,0
LetmgyG8,0
Rba6Ipqo,0
8gj6d5tP,0
owkGm6SJ,0
M7UipCyV,0
OP8fD7cx,0
exUJsrAp,0
pndgP9cz,0
N1MwKcgS,0
36HRe2yU,0
7JqzXnV5,0
eOBlz6Tx,0
mCQudEx8,0
hB3slnQ9,0
J9rKe3RY,0
YaHUr12R,0
RDQqK9yi,0
ZezgDxoy,0
rLdTfPZW,0
7Ikq32Hf,0
FNEceJ9a,0
1kHrP68J,0
icERW2QO,0
JRPqaNtd,0
sN59jCiY,0
PhfGVOi1,0
NXs6SuIC,0
0ESY7mwz,0
3zNAKol6,0
kyERJ2DY,0
iuZelR5S,0
FuMcY6pP,0
w74LHVxm,0
MRboJDF8,0
6MgFcdfH,0
YoPSEiU8,0
VAMTCleY,0
TOAlPEv1,0
kzAVvWMJ,0
ViwUTzIF,0
Wz7NcZK8,0
a7BQlZNJ,0
dobCW3qh,0
T9rKfZdD,0
f4hGKnd5,0
b4SQJ9BX,0
SC0Wix53,0
Acy8qgvn,0
KiXArfSd,0
rHZRGaId,0
WTKt7cEh,0
gLIZuaNz,0
vOWpCrwy,0
4wmTpFl0,0
roxOB1Xu,0
M6TS2wWk,0
BTKVM3E2,0
yR7K6zEY,0
oKq8mJHM,0
eLjsH7nB,0
d016vgrl,0
djE02hPR,0
8fQgm7ud,0
lFgoc4mj,0
MXAWTo8k,0
U9GtyrEq,0
TQtsOIBw,0
fc6Sygdz,0
oTVAnOet,0
UgbGpWxc,0
5jsYSO8F,0
0HjL4BqP,0
ubHwgqZI,0
dVaEWmx4,0
p8kh7HJr,0
I5qzUEXt,0
j7dnxK2y,0
CeaDAJ0S,0
imWIhPfs,0
tgQXGFZ4,0
jqbmv2hf,0
fw6mA7Bo,0
KMmbpx9G,0
RN0OjFAg,0
f2MbmagJ,0
CJSNEk9O,0
JjeMNFkH,0
V9i7zI8m,0
E3cjhwb7,0
kmz5wNeq,0
N6JPTt0j,0
WcrhJO2d,0
UtyIPKqV,0
DNcWalds,0
Qqd4EBW8,0
FT5yW2oZ,0
M1BwZP4T,0
7UkXiHqx,0
hmCu5HcV,0
I2Xw5pKn,0
HkeW89SD,0
MsfLTEI1,0
aX5QGqrH,0
EsLHVp1T,0
l4zbjwkQ,0
egTwlvhB,0
k0djUVzA,0
dcbtmA1a,0
Oz9v6V5Y,0
i2qUNuyp,0
REg4mis6,0
TbUX4LIW,0
PtZvkWxH,0
0fjE7lCv,0
7ScQypUd,0
6WVfUpCX,0
4esHErzn,0
peLqk1I2,0
PUIZdJwq,0
xacOp5zJ,0
16OSYFld,0
7fYEtdy4,0
tWwFupJx,0
yvNQEBHT,0
Vpy7u0Uq,0
0ijdkDXF,0
2CeXJzq4,0
pQSbsJcr,0
CbZ17GVq,0
DfUI4tny,0
65Ioaprl,0
283mKynl,0
xc8mZAyr,0
MiryLvz8,0
1y2LTcZd,0
ZNPlW8Kt,0
7Z84xXEt,0
W4ahGCkZ,0
lfJETzi4,0
q0m86rSo,0
kBpuTJZb,0
Og5skWNm,0
IXnbT3KG,0
4wdElV2g,0
5qPDMoFa,0
SuIwOMci,0
JMh1fe4k,0
Rp59LAob,0
Dvpa6C7e,0
N8gBDRP3,0
V3wiGKzd,0
3IeBRYCx,0
wLapR6oJ,0
R05Z6hQm,0
2b0mY59u,0
lj0kOIBC,0
28KBsFfY,0
lCS84edZ,0
D84xQnVu,0
VL1ZMtbX,0
x7yMTAls,0
iPWIN8oU,0
9kvAaDtY,0
IA3vZUGx,0
5iARqtsQ,0
lxiku2fn,0
ALVeSbic,0
GF75ErAc,0
P19YhWMR,0
l4gNti6m,0
wQHuPIUE,0
Od9Njrp0,0
KrTnH3Qu,0
hpiUmDQ7,0
dv9H6UjZ,0
goHmZxYB,0
02QNbFW3,0
JQAXql50,0
9ogZs3di,0
GaNoxbjt,0
Z6X2qvRQ,0
WAvCUJNu,0
g6VieFmA,0
giYKWu2h,0
z65qbiXw,0
NP8Fgvm2,0
8F3tga4v,0
ElftGgiP,0
SRaMj2dc,0
5eNAsw42,0
bsjOkFB7,0
pxcNUlYu,0
rW9G1MtJ,0
oKVHBWxG,0
bncJ6xe0,0
H9UoNrdb,0
aoTQcB7g,0
rTnujPKo,0
JxbZCM2R,0
EfDNvXds,0
iAB8TP25,0
SKAEC3RQ,0
IX8KlCMo,0
h9FWqIny,0
t70JX3ND,0
tVsYKDuI,0
MemTRnLj,0
fe69SVwu,0
uVgzn9ra,0
tgQMHsSp,0
ZhIel8sf,0
ZDWREh1P,0
YVrjv2Sy,0
CHX1Zmcv,0
GCWRSDZU,0
wIcrFBGu,0
GUKIxOhl,0
05fShdVk,0
ENftwO73,0
36MW0dvD,0
N16SdRtl,0
HJjuObsD,0
NmlBjShL,0
3WBwx5HA,0
ORDWbL4V,0
k5teXFQo,0
gpuXb6Pw,0
RgPjp94v,0
hy4s1vPF,0
bCX4hGs3,0
TB7VDRW5,0
FnQ0XWNV,0
t6ox4C9Q,0
RerxuJAK,0
cs9lv2AC,0
5o9wyTfK,0
H6vA1jCk,0
9zXuApPe,0
b9qQiu8U,0
V0Ps8zM3,0
oYOAqbth,0
jcoG9nNe,0
b8fMqirk,0
YPISOfvM,0
xOSZkyt9,0
r4Ghvojz,0
1vMtoPa6,0
eGuoRZ8x,0
pXa0AbgM,0
HU1vwqg9,0
T5W4zF3R,0
ALUrIvRQ,0
jNUYJ1rR,0
txAlVfY4,0
mZfPrWhd,0
xAzwo72l,0
0jxdE74J,0
uiLzpDZ6,0
B9rOaQH7,0
BoPcxdOi,0
Fd5xsn7E,0
Yn7KhAgS,0
jRJwBVO0,0
TKgFJE07,0
Jp2LjfQn,0
wQ0U8KPO,0
sqISgiVE,0
7JjH3Zcu,0
BpvEfw6Z,0
h6PsdwuS,0
ULCBu17K,0
jDoIHgbK,0
TFf7MkGj,0
lr5Hmiq6,0
EfkOGSpJ,0
aqVhTeJB,0
MEAWelsk,0
VAQwU30e,0
47LojPYg,0
ekPT23b0,0
PksQfXh1,0
29Bd5rOS,0
7hJxdnoi,0
kndgbI4v,0
DOrj1GVz,0
4MBmlzyx,0
JVgLtP34,0
3hfPVX17,0
s6IfPkdM,0
mhFxi2Vc,0
vI2BTWQP,0
fUy54etY,0
eWtx9Kc8,0
ia5gUTbP,0
gZoNyAGB,0
CV92qJb8,0
Gtme6lEQ,0
dRPJhLN4,0
J7ZEbosO,0
RY7sOqCg,0
SL03QC2h,0
1ESgRlTV,0
ZFw9p54a,0
KOrJxDbR,0
8a720hDR,0
x1iyAL02,0
LXyBVGO6,0
rNjOqalK,0
WSkDPVd7,0
UW96wi1L,0
vIVHgSl5,0
xF9tI3h1,0
Xw1tyDRJ,0
p8KR2CYx,0
KG04wxEI,0
9WrsFf8d,0
FHGlRUVY,0
TSAZp1PG,0
v12btmNS,0
iaLBez3l,0
yD2WFf0Y,0
fHlWhpJK,0
QJ7vPHmw,0
7xMeh8ws,0
XqMFV0S5,0
rOsaRuBQ,0
Co6cUPfr,0
G3geqJLM,0
uO803vDh,0
LVvUh97o,0
ME7kxfC1,0
p3l4zFCs,0
ikCHZmsj,0
YvCpysGD,0
JBZWld10,0
4oXLvYzq,0
4XxvcU7b,0
9PTSgiB5,0
wKMbD0Iu,0
aF0xVU17,0
w0bvVpGP,0
gYhjsJW5,0
HSvkAOKw,0
jVcWt8Qf,0
3E5KNtqH,0
5jpisYyC,0
QKTNa0id,0
FNBpylCh,0
vikYIpLE,0
mv9sK6n2,0
N1EYewRy,0
GJ9fMILW,0
ZnRKSWNx,0
5dVa2sRg,0
xZ8dHiSQ,0
UACdfRNj,0
TzGg2BEt,0
rsFqximd,0
I1uLGpU9,0
GA8KXd3x,0
Ht9YpAxf,0
XdmhRSy8,0
euMyWZFL,0
IFvanhGy,0
H1ANiRSM,0
VWeJA0Tr,0
56iGRSZc,0
tw2CkTj8,0
gheEPUuy,0
8h6sxNZa,0
voy46ZmO,0
WBxeQ3Dk,0
BHg4VyZO,0
aHGrTuMj,0
mFgyNLsS,0
7lyZUzX6,0
1anb4D2R,0
s5xyv6OB,0
FZV3cw4j,0
YNVrzqDf,0
TnUXKe29,0
4Za7r2c8,0
TdE2N8h3,0
nJFM5yx2,0
agK7mhJY,0
kfeQOd0E,0
UmKVxWAJ,0
gvtxm0Gq,0
GSfklKyH,0
7RpfeOWH,0
RL8DYjp5,0
NQ6r5iPq,0
MymaxB0b,0
vOAp5ufz,0
L0pVInju,0
B5RQpdlT,0
c7j0qhDL,0
IGnYUeqZ,0
lisZPdy8,0
1IitTX6L,0
TUVP40DX,0
ACjRtu9T,0
y9zBvDti,0
GldF7xHp,0
Howgi2UA,0
eIaVNhZE,0
GNKEYqi6,0
oB7YXcsd,0
JOLqVfEF,0
L26a4rvJ,0
w1y3iVXW,0
sFPOhrNL,0
07srh62p,0
1g0r4OS9,0
YSrn3mQ6,0
wOYSezJv,0
HAGz1qFN,0
nO6KSTvj,0
QFwAl3L2,0
gDIiXbnp,0
KHPVJeg5,0
Vym9Lvfc,0
aS6dUlLN,0
b75CdZXB,0
TidvjJAm,0
fo92HOeV,0
SMgtqRJm,0
o6Wr9LUq,0
qTmVkEi3,0
cFpb3ne2,0
bueOnMP7,0
ygExOF4d,0
qri5Gc3d,0
7CDmNhF4,0
ucEsbh6L,0
Gvfuxpt1,0
MfHkt3J1,0
NGwTkBSb,0
oSXBVJdq,0
1my2sb4Y,0
n85du9yA,0
TEafjbQs,0
8BGTHEIA,0
AqCBDMfK,0
jFeJSa3H,0
T5l7owkq,0
veJ5zO3P,0
rxMO0Twb,0
NEvwkTtH,0
yI0HXzaC,0
QZhGIVzY,0
ZzBlKxvg,0
TEyBtqm9,0
TnSiNvsL,0
lRSGgHOt,0
9lQB7gS2,0
vGZlOHIj,0
Dvi5hUWj,0
fhGpJsj4,0
kMc0Bwx1,0
g2PQHaGD,0
dl2o0aJU,0
kGmMfEcK,0
mWQwz5JE,0
kRvPHjKp,0
eMvXPDqk,0
KA1qQgI9,0
wCo1f3bj,0
QRCzovKp,0
t0uyNlAJ,0
1GwhJc06,0
1ZeEcwQs,0
xoIqHRFb,0
bn8rw0V3,0
VUhAtdZL,0
xsrKBdM8,0
qipLl30T,0
lfnJrUTy,0
kFQTN5gO,0
LPwOYVDp,0
1pEeS4t5,0
WczxXZy9,0
qxympPQA,0
L1U7r52k,0
rUZG5x1q,0
BmV3uSkc,0
RiDwXMb7,0
hy85zXnp,0
lyxcdY4C,0
CNDRh3EH,0
4RxQyT3Z,0
RMEv2wQO,0
8kI9B31X,0
7RFtZLGM,0
H9S1ZD8p,0
T8IMBYqr,0
OjZzxpd9,0
vVKkI6Dt,0
RCotO5Nv,0
F53g9PLt,0
GNRM0EZ1,0
mkBiToYU,0
Sq0znCOG,0
aTqhVWvL,0
hYJX1bvo,0
mSMXvilN,0
ADjzJr1C,0
hEFkRLQr,0
rX7zUBlL,0
ZgBosFRI,0
Q0YRcZfw,0
pFwb3kNq,0
ouRNBHKU,0
8EAeZUqO,0
ZrsXjSHc,0
hiqbcx7N,0
lsnykWEj,0
bO0LKYwg,0
w6H8VGuQ,0
d6lN5LAD,0
GbYNiDrz,0
dMqbjt4Y,0
NLKsXFcb,0
56jcEyPw,0
90J48jBd,0
03Wa4HYF,0
Sg7AtflT,0
8uMdHUsN,0
ztsMbJe0,0
8G3iFmst,0
VQMlJ3kT,0
P8pe9ELk,0
2Xu31VSt,0
YQUIuwEV,0
PTFcXNHU,0
nlo9WBu6,0
igPT4Ozd,0
O213cLwa,0
BgopDjv5,0
OdjkwaBW,0
KePMFkST,0
8ujzkYpW,0
wusrV0fl,0
64F9BMml,0
ZGt4nD3r,0
3BOl0JhY,0
ei1jRaZu,0
ohKrlW2S,0
Hv4DKi1w,0
LvqjT8QX,0
Y9KHUrN8,0
SsZyIQJT,0
oN1O4pEB,0
NEr2aMwj,0
ztg4lqnL,0
KxVULm5q,0
jiVRwDlk,0
3LiA4uNZ,0
V53jzKa2,0
JI9ld7C4,0
NYifOelu,0
oT3qPWUS,0
XYy9zWcV,0
U2pG4rqu,0
19kEyeJn,0
eBWP1QIu,0
I8Y2Qx3f,0
7okPG8j4,0
HOYhkC9j,0
qCmzM9uU,0
S1sUv7lY,0
McxBapsF,0
Je1hSTLX,0
CEvjs5OA,0
qWZdRMhS,0
H7cfKFaX,0
hBjt0apJ,0
yYiMHdZS,0
U8ADIrJ7,0
Ro9Jxvg3,0
GaB4sAEI,0
5GrKZsL8,0
D1ktBdgR,0
umZRYpkE,0
mTD4fXjR,0
Qj75xrso,0
GUc3oOmz,0
HUalb1fG,0
GBCeOf1n,0
wKRYxsJz,0
A4tEmUC8,0
veyScD2Y,0
YtvPujhV,0
CpY25wMy,0
EnR86rD9,0
Fi7kSpPw,0
zHlbSeUt,0
1NjSoU7y,0
ykAXFYec,0
1adscp3o,0
FrCBf1Zc,0
HYxED0Km,0
NacJmiA0,0
Od1KEsNy,0
5fJt3kvx,0
iWr9veRS,0
Gdqn17og,0
TRS7NcDo,0
rTNpU0zJ,0
UA9z6vt3,0
LYT0UG7g,0
e9VMAihp,0
sIlR8eqS,0
WRCpTGfN,0
GfytarsQ,0
YH9wSsTu,0
xVBlReUf,0
sdlajTy3,0
gSDtreIv,0
cWU9HNQx,0
z7GfNYZx,0
I1CALO53,0
v6K90GSe,0
dcC9lvN2,0
Fn4Q2ogi,0
4oxCWvHd,0
V1XDruNJ,0
iuFzgnQ2,0
wjMpNH4u,0
pXZYdHae,0
vyiL94pR,0
NE82LmY1,0
riS2tcjm,0
fJj6xSMQ,0
dmeZk9f2,0
ORnI7D2i,0
uq9DbZ35,0
tPcMoimB,0
WMsvPUNx,0
YSe8b5Mm,0
ApQsqSy3,0
C1sZfcqM,0
EHYigXDv,0
dxJ4bYi1,0
r9zmwEYn,0
7NGBbOgi,0
BYH0OvPV,0
7B9TQolg,0
QK45uaXH,0
AFMRewKq,0
nKLs3DMd,0
2CtdApWL,0
kyV5n2zj,0
0YwMVZhE,0
iwvctaIj,0
iEnCgBY9,0
lBSavY3t,0
NBQTqrw1,0
JEQ9LD8d,0
FYpLdOZJ,0
BofEqnPc,0
dfEZTSl5,0
SjBDiv51,0
lewIaKkH,0
lGtmZfCU,0
E57WgUc3,0
EoKyHAPM,0
dVxFoNur,0
SvQrXuaP,0
ec0RB2rJ,0
G825pVIU,0
b5FH0net,0
vifeDjFJ,0
fatMUhsL,0
UXSaxJC3,0
EK4qtOGZ,0
WZE5MpKJ,0
lrhd4eFO,0
XsS0HVFY,0
0Y5uSP6C,0
ltcdHKYR,0
xs0Drgda,0
ZjNaGtLA,0
Oe09xvkf,0
QO8NkdGc,0
UyZGmBt5,0
EdjpuSCO,0
wTS2jms6,0
d3KGhI52,0
RlU8TCIb,0
OCMu3AlF,0
4C8t6ERA,0
SCPkNz13,0
cDFqzIuy,0
ry0X6kae,0
jEnB7ogH,0
5iaZEqhF,0
xBQkwGHa,0
jzrL8oU4,0
Ndo2VrJl,0
5oQJ37TH,0
FQjfGO47,0
FIYje4XQ,0
xKZJontH,0
woaE8VkF,0
ICnJe6hZ,0
ZkWo8Xhw,0
KIrkcANO,0
K5YPm97Z,0
MHBXw4QS,0
BGc56Qrv,0
SpBH8q0F,0
4qiSchx7,0
70V6igj1,0
e7W9Q2jz,0
ZGI4TVCu,0
42wH91n3,0
Cam6BqGs,0
7paFqTzv,0
osJV9XUD,0
PENafCh2,0
1ABFc9Pd,0
ZrxU21lJ,0
kBy7ng25,0
EgA9SZz4,0
fLuD5Hmr,0
JMz6oTwU,0
OAEBRufe,0
9cl0PMRz,0
sdT7Yk10,0
J6Mzp1AZ,0
plqw1gCb,0
SrgLwCmR,0
dEyY0lqZ,0
xMi263eH,0
CeJYi6nq,0
wuQd9HKL,0
X0d3GqN5,0
QMWif2oR,0
G8rcqgbH,0
TpSHeQ1r,0
57ew02p9,0
GdryNVqx,0
cNTt1mC4,0
EFJbU6lr,0
8QtCnJId,0
ArTuJhFv,0
MWEVXG3J,0
W5K0AGtT,0
Sq5we9z0,0
DmA8SzOv,0
0NJgEvMB,0
5UtxLIqu,0
o7aFyCdp,0
lnKaEMwe,0
SYvGuX0H,0
G5gTUwVu,0
3z69sobp,0
nNsZY1ji,0
qFzHfBTu,0
gPJ97YpD,0
71OGcJCQ,0
6ibPDan9,0
MriXKmhQ,0
LWaK2XB3,0
USPG0tep,0
pnwdzT9G,0
dGpWIJkw,0
GWThOy7P,0
baIJW7Tq,0
bjmHSzs3,0
vOyYwscb,0
aMHPYLIJ,0
Z3AiCvYG,0
igmIBT38,0
ZvJjlqWS,0
K9EWhfti,0
1qT2CMi4,0
TRLOikxh,0
lgfTq0WR,0
hMmKNuBq,0
dMFa745Y,0
pRVO9SmL,0
5v0RlYe7,0
KluIBE1g,0
ajLf0tZq,0
WLMplVsR,0
ywTIXmj9,0
TQiOqwB9,0
Hnh8YliS,0
FMUsBjdg,0
s9dKF6uE,0
xn4PLr9a,0
NfvdGmeq,0
KBUMT358,0
WQga27kS,0
HRdnZwcX,0
iqEub8LO,0
DVjxgMkd,0
faTVnFmW,0
vJp1KXW7,0
g3GVFSvw,0
6XcgySFR,0
FHwtEaNm,0
eJwaFK8r,0
itujJHgs,0
PiW0YOUK,0
M3VqQB54,0
ya7u8sMA,0
sYc8Dt56,0
yeFb9iPW,0
3YNprHX4,0
095Yvbxz,0
FyOYtJ4V,0
pqvO5P7N,0
DMGsqbxj,0
FirnfbC0,0
YbSkdErW,0
uFicPlCZ,0
yeSbtLY5,0
kEvtHwzL,0
cHNvqp0C,0
EZew8YXW,0
vQhM2JDV,0
zpqPMFsR,0
AzbX3ZFn,0
10kQj7if,0
QRE3eG5x,0
G3n6JE8A,0
R8hYZmUl,0
bhc2fuKl,0
blMiKsSv,0
iDsI7yeL,0
wfs83qEC,0
HLJScg4Z,0
hwlkt2BZ,0
m571zqCP,0
VHvfQFPi,0
ihlbf0Bk,0
k7T8JbL4,0
5C6D9EyP,0
80LMbX92,0
84Mihx92,0
1aBpYQLR,0
345Htksu,0
EtgpRra2,0
tSd1cF3o,0
ikvnlrwG,0
SXlmcK5L,0
xyE5MUDV,0
wfGRV1im,0
3NTUKnek,0
kjHmw142,0
ALyJdZS3,0
JG2rnAgW,0
2GQPIci7,0
41woZNqE,0
2zQMehTs,0
ow9zBT2c,0
1ZcTosvV,0
BDEb8nAT,0
lbZA0aWM,0
VgTGtzFR,0
VJHzCwp4,0
oGFXwban,0
oeh6Vwvu,0
yVkBtPUZ,0
AQ5IHuf3,0
dLrIM6UO,0
18QOGs7F,0
YoVK3ITM,0
KuwTZHxG,0
CBQgIWN8,0
DsaCkKP1,0
kz9cdCPQ,0
Rdh8ZJjr,0
r1QlykZY,0
dJm6GEZg,0
zt5g1j4Q,0
wFR9PLUN,0
eh9C4RAs,0
Ib4v7TrF,0
Hgb17qan,0
zhOcCl53,0
CUDfZ1t9,0
Nehdml9n,0
0WozDxGb,0
3nBjFLco,0
nZ2dPRJx,0
yTtuCrsd,0
zCMfyKW5,0
JBCmyq3o,0
1UoGRIZu,0
vwWuTAOU,0
fhnPg8KX,0
k9GYnSTc,0
ilETJYZ1,0
l6d0RHM5,0
ckQxPogF,0
cYpK8LaH,0
3lWJaomS,0
zoXSKZRj,0
Z0Q5Up6N,0
akboEKhj,0
A7SQUIln,0
ZuIwacrW,0
9y8rxwbv,0
WLB2psVb,0
0TiYsL8a,0
NzrYFk29,0
6eXB47ov,0
uxrlFGaJ,0
kD0tycT8,0
9vs6PGyI,0
pwC9GP4m,0
RKAJWCF4,0
2dfIxX9V,0
G0dNzqnJ,0
Ch1Z2KpD,0
h4wpKQOL,0
JyWYMO6k,0
6WslLinY,0
Qd94hSfo,0
bpOX8Grz,0
bzLxTviR,0
Hz4VRYNk,0
Syzl7uTC,0
GzmSvQIK,0
MpJPEuf6,0
6Rh2rBXA,0
uSZy7dzH,0
ldVSF51L,0
JUWiAvBo,0
GW9NBVLe,0
lbYa908M,0
ENQ3JaIm,0
2mtPoj17,0
moZz8SIG,0
E0heUtlN,0
dRrkWamc,0
dachOTFb,0
oHLu4cyG,0
5TYdA4Z1,0
A2aObHNh,0
ti3JWeUP,0
V4HDqrvy,0
wva36U9N,0
97yuMWFm,0
UTfZ4bdF,0
w3Y1o4Fm,0
ubFlRXms,0
mH0ek39K,0
sMnkoZEr,0
8yPARoMG,0
U35eYTNB,0
IqfPNnEl,0
oJVqhTng,0
TMkX3fAa,0
xsbP3ha7,0
RV4be0ci,0
53dU1N8Z,0
f2TsUFPm,0
csQVGz9P,0
JEUQsMVC,0
s6W7ZEA9,0
7gDnolk5,0
EjHZTx4i,0
Biq0SonX,0
3M95oKtT,0
zrigFEGj,0
F3ozE5L9,0
nEyCcg8f,0
CXGjFd7B,0
yvj8iCwp,0
2fpgxLKe,0
Eo8pUKkw,0
G9P1dCxy,0
qSMyFvba,0
97B1s054,0
ckpZlL5r,0
s7wj2eWS,0
M9Lwshc1,0
5G3ObNhi,0
dlh5PQrW,0
4SKIErio,0
RqYcsx7X,0
xsFCo7NP,0
cnU70yzL,0
Otd1zx5b,0
6SfiNbrE,0
7NmFqAo0,0
iGdIof0X,0
sP4l0U15,0
3kUFln6W,0
PAXB6cr4,0
kr0L5PQW,0
coYJXqwh,0
zlcCwhf4,0
3Xzl1hKm,0
U9tvELuz,0
EW3J2bh8,0
mrPbBqyk,0
X59s0ay2,0
GiNK6dUa,0
nXfCx25c,0
oSAfOEXc,0
gaL1AX45,0
SuLgatkf,0
IvPTRVD6,0
NP0eqKdk,0
GzeQNFmu,0
nXckxP6z,0
OMuVSEW4,0
t7KjRyhW,0
fi4He78A,0
URLMloGq,0
l5SxwFhZ,0
lM07Q5bi,0
ERT5CZ4e,0
f6JKYdHm,0
cqaEiHfd,0
nh1zeFLk,0
85mATK7g,0
XldfwGue,0
9PgKwduf,0
aEg34ioL,0
bWUVIjXR,0
ieT9zky2,0
PbKt4rfq,0
Ii5MwlKt,0
Mr9V37Tu,0
mpQaZWkr,0
ywNQ9DXF,0
diPJKhZc,0
nqAjtJiL,0
wjb1NqX0,0
rVbxm93y,0
NneiYd6F,0
TpksPejd,0
84N9WKXS,0
eLvQlm4i,0
PjZuHzT1,0
d3j4DOu6,0
B9Mn3kHg,0
ZegqjKdY,0
xzINPte6,0
PhCm0gXi,0
sNrYLBKR,0
GvKhYk1a,0
AzKMV34i,0
ycFz912K,0
TfLH4PAO,0
9umRbYfk,0
ZOsH7VbB,0
EWNarAKl,0
rJoE2dXs,0
RtYmkWXy,0
cVXf796l,0
YUghdCBA,0
P4zAgYor,0
A5nxRX30,0
ulsexgOz,0
GqAZUpEd,0
LWuwEjMJ,0
7ADeRO80,0
KUpq5XgQ,0
LNcgjqJC,0
AvRDQ6eb,0
ju8Yf5J7,0
MAf253g7,0
GkOoHSwN,0
FGh5ASLn,0
JKkQpzlf,0
IaWCbkdi,0
a6uU2e5X,0
WePLQAyE,0
q3Jg5obh,0
bSDcMRNn,0
EZNQeovT,0
TvV5WwcZ,0
qK9rihTJ,0
Ydplaiu4,0
ria1IHYJ,0
KydAg4DO,0
ZW2FnfBq,0
3why80At,0
CKrPjdsv,0
HDVIkKXp,0
2fEqN8Cp,0
wBxIdkNJ,0
HAIvwEKl,0
JfzCQxTw,0
vk8tRXBp,0
0Efjg7Do,0
ZGrzf75u,0
OVhrcolt,0
w4Yhopzm,0
mLka2tPH,0
8gvFJz4C,0
GcIYO8mJ,0
0Lgre5QT,0
SRAs1Otq,0
dZSrGIHg,0
hrbaHVNF,0
lY0suTO3,0
rBquidve,0
aS50CgBI,0
8FTx5X04,0
UNF7ePud,0
vhAnWU5D,0
8RygWQrL,0
QJqKNU4p,0
YcyDMo4j,0
qtNy6hSc,0
ChtAldpR,0
ALiI486N,0
pkvjROoL,0
2S8efId6,0
ZF7m15Ah,0
sPh3Kr5e,0
btnCk9PH,0
GCb5PMOZ,0
LUZiAgaQ,0
LWzoBbK8,0
eQoC7h6d,0
i31fXUDr,0
ByiO2wNW,0
uC94kHt8,0
tARSixUN,0
7rIM14EU,0
OcylIpUd,0
LIlQOvNZ,0
Mol4TkDn,0
8EcNBYo4,0
cGKVu9kL,0
72nFgZTy,0
WEGi7MAI,0
78ZqRnjP,0
UT9hc5Fz,0
GwqogABp,0
wvEVB7c2,0
5F9HGLk1,0
p37lrH0F,0
szj7GXBd,0
FA3UxGCO,0
GowPveu2,0
eOxUHGXr,0
BacTsdpr,0
NLrZwfK7,0
07JgRfux,0
CJ4qKlEW,0
RdEbV9lM,0
KTwdoj61,0
mc7W9gRk,0
WNzue8s0,0
0Xwn2MLF,0
39XlKZp0,0
ufYde5CI,0
yFfCXuaM,0
udcfLBkg,0
zuNA1VeI,0
12w0F8tY,0
wkIp7CYq,0
zBc0eQWE,0
zAILEs3C,0
N6pEYuwz,0
Jcw4lFW7,0
MqcJzNoA,0
XLsZMGcA,0
W45ukH70,0
SdBWbuMw,0
k2ifFIhX,0
PfZTJOIp,0
1JXs4Gw7,0
AdOsh3nF,0
zBvXTRrK,0
e1xgVDMP,0
nKrz0Okl,0
IGQpsdvT,0
2uxyCIli,0
is6lrKCX,0
GmoUFIuz,0
sTSxMV41,0
m1ZlFRqn,0
5dDVX8R4,0
d2jMKUe1,0
MR1IDzC0,0
kNhO80Qw,0
rC7HvaRz,0
0YVFBKqP,0
ANRgWbj2,0
5c9hd3s4,0
sgM8rGZ6,0
zETj7mWi,0
Cr4sf2cj,0
I9beUqLX,0
ydQhOoNK,0
TxkRKPuo,0
kbmc9Htv,0
XPIUt1h5,0
Z7gw24yG,0
0cG6NbtS,0
bKRPZhs9,0
QlBofNZX,0
B4VhrIbi,0
ViRBgSrJ,0
CyZOPoWH,0
8iFezajX,0
4UzBeYHu,0
hdVPFLYE,0
ApOZUiNF,0
IWruX9Nd,0
NZQCO67w,0
GV2Qpozs,0
1NsXiMH7,0
6FAuwxcz,0
wqplSxvU,0
ty1JeWC7,0
ViFYZyXI,0
x6Kiskp8,0
CyxZqr4F,0
gJC1nqNW,0
DOulAay0,0
hkvtbjSP,0
jkXY4Z5E,0
82A0NgVL,0
8QwTsEGV,0
Nv7rZGRF,0
BrXaWyl0,0
La2bkrcY,0
0XIgtJQT,0
qXJp5mih,0
LSsBj92v,0
tV3E9lGm,0
NVL0vQ58,0
IaXshElU,0
jlcQu84S,0
8Oez2dSx,0
7I9ZQFXl,0
1k5FYb9o,0
60z5ybjU,0
0NbcE8yf,0
AyiZn5U7,0
9yAbajlL,0
V3eykdZb,0
DhV9txXu,0
um0GO81Z,0
JVjPc7A3,0
HCVlkASa,0
2gmaIEoD,0
kaXoWLbQ,0
dwKGgcRH,0
FoM3nzGX,0
kdXflxeW,0
x2H5Dnh9,0
VranMdFk,0
63xQtCU4,0
ZLGDET07,0
Y8Lh6zMs,0
DJVkmlzC,0
P3ZMyUAi,0
reCNqWDK,0
6qI3lxr1,0
NYTX59EU,0
N9Xt0JkY,0
579zny8o,0
etJObx15,0
9w1SxQhy,0
68foCvm9,0
b1O7Z8yR,0
zVoFY7b1,0
dvsbSX3Y,0
IcwitYAo,0
B5UJxTb2,0
tPraszCn,0
phQXcHPA,0
elKpiqzE,0
f0F4bY17,0
laH2C36W,0
VIJwaBt7,0
mLFjNwxo,0
x34dPXeO,0
YIpVzWXd,0
LrSN4Zi0,0
VyJjOERL,0
TK0aoVgt,0
aUKzNcnM,0
ovVGB6kZ,0
Fhw0gILd,0
sUHIr2PW,0
4pSc9Uu8,0
3gF96Ne0,0
OvV3lcSI,0
STnzLRg5,0
obUz42wj,0
7xVSLZnj,0
5r91gADE,0
4uja7YiC,0
SJiWpvED,0
Ilb4j1pQ,0
PU79145Z,0
nH8ZhOSP,0
v6YslLWd,0
ZCJlFyGB,0
KMyI9JcE,0
W53RIPEC,0
IPsgWCKE,0
ZvE3w7HU,0
c0ELmjg6,0
qeJHgtVm,0
EKqQxRDz,0
qNBVWoIt,0
YRqu8tHU,0
TkdOW2XY,0
pLo80Wwr,0
RAOQSiP0,0
femaZYtR,0
W8SdpnvO,0
QUxOnMCI,0
FRgUKqta,0
roQM0jXB,0
AqP1phkz,0
bavoty7L,0
gwhfGxzb,0
6CGdmwQn,0
fcv6obuK,0
gC6r1BEn,0
VQRbpNlW,0
kpMPfmj6,0
XscWO5xk,0
WAJ36I84,0
NE6rv2za,0
5U7e0ksJ,0
I7CHvRN4,0
n3MXpdBG,0
eUHI1aGv,0
gCdwsM3R,0
5AUJneba,0
A3PLdB0c,0
18BdOTEi,0
qEGDfQuB,0
4fLkA0QS,0
03DVBfql,0
6q2hpPmV,0
k2fpZY1H,0
ontXY41H,0
b1xl2AND,0
jCchRuiU,0
lH5n4Y2e,0
dZrYb0el,0
zgSqm6f2,0
UV36ui8j,0
jRIYWb8q,0
KUQ9EZeg,0
pxSJ8ICj,0
GHRyXWQZ,0
zJKxrbNE,0
3IfzCuHr,0
QnUjJr2e,0
FdmnKOA8,0
08OrmI1Q,0
L8am7ejx,0
bc6MTfX1,0
9qISsbzr,0
RFSqdUcA,0
jSQLsJnT,0
qhF5EmKZ,0
fLFobn06,0
MbOR4N3K,0
xciZ681u,0
hOQeHB9D,0
aE74Gi2f,0
LKk8NQf9,0
NcYswizB,0
tZiFbBfH,0
BhFpkdH0,0
glx1PduJ,0
kAmULZSE,0
1uEdfAaT,0
4xZ8tQOd,0
QVPUAFun,0
TkOdgvHL,0
6oXifkRG,0
6FydXc3v,0
fSlH8UNj,0
ZfroxsE3,0
ixknOf1K,0
wSWyxBoM,0
vouMP6Yi,0
JCi6qHuv,0
9JTKRoCS,0
FJvwbKyg,0
kC6P4V5M,0
LxtdDhY0,0
2s6KIrlf,0
7ZUbndoG,0
JNrUywT5,0
AmI3vE0d,0
WKYthbwp,0
LV7Sziha,0
VTurol4b,0
Y4IMbkr5,0
yAh37sOH,0
qvpeyOVW,0
VIvZTlew,0
UCqPgZ4I,0
LzI1pqYC,0
IHOTmL0B,0
x5NbPc2s,0
5ZN1MAf8,0
WAKVGaZT,0
h7KkazmZ,0
iMdGReuy,0
AFUMQ4CS,0
AbfM5RQa,0
74fQPOvM,0
SDo6N3Gj,0
Ngh3JVcD,0
N3scrkWR,0
yf97z1RO,0
qicX82Dp,0
CHLrJ7yI,0
oJyqI08M,0
WVMw0TsI,0
JoWpBIbE,0
i9fjkbOq,0
9cZTVfKb,0
slO7vazk,0
5XMLAxKf,0
E7zPYkVB,0
bAaVK3ny,0
Lx9Zq6BF,0
RvFju5Pq,0
hYBpZuzG,0
K43w917V,0
ori0x2HJ,0
E4WY6Vfo,0
DJ9phkx7,0
aLGK5vsF,0
XQtzSy9A,0
nQ6MYyoe,0
ue2jqnt1,0
3oWL5t8d,0
rgA71M3N,0
dO3RvVeI,0
iGuq0kh4,0
Ymc5ase0,0
1LqFfuM9,0
YOP5igMD,0
gE7UF1f9,0
2zbrIT4D,0
h3YgolXV,0
yGui761E,0
PZ9aFcOD,0
EPhoMe41,0
qAmTGKIJ,0
Cf2oSwJ3,0
aOhLfikg,0
sQyk5D01,0
o8RnMe73,0
9bZoJviF,0
cUZ86JiQ,0
3u6wqSWZ,0
r1gzAFW7,0
IprzjC6q,0
RQc8bOqe,0
jnUx56Xg,0
PgJLevs1,0
nSG5B4je,0
wvnzi4PV,0
R5UJrqSo,0
46gfzco1,0
wtCrVheY,0
gIB47alr,0
j8IWP2Q5,0
Zi6vPEfD,0
wqtoGicn,0
vRh20KtB,0
wR73YGz8,0
iqatgKOB,0
eBCHEIQ1,0
7pCu3HvM,0
BGaWNiju,0
oFPUnacC,0
vkhZPb1T,0
Ct8nIiog,0
xF5zHVaY,0
yCj81TIi,0
n5vOikfF,0
5pIwWEPK,0
jhlvxUmS,0
t3m4AuaK,0
xZma1zO7,0
nd0oRuAX,0
1ioGnLMI,0
XsF2qi0m,0
jJWVuQHM,0
sLmfjW4l,0
FrnpWyv7,0
Dwn0x31W,0
sk6ral2h,0
qb1GV7zw,0
L2lYouJm,0
nRbOAHWx,0
aV8PYBpv,0
6xXrJ7nM,0
kOVzph8Z,0
rQ5uvp0L,0
ZXmuq62t,0
Tr9AKgwM,0
axKqc2EW,0
RW1qlrpJ,0
qpi4Ryfa,0
Wa2RYLK5,0
B6CqZJN8,0
qPhMTrCn,0
5jteG01d,0
ko1S5i0N,0
kXzhUneE,0
ZRxyaKp6,0
hXV9Tq6S,0
AYFCDKJS,0
zIQduZK8,0
4jx7YvSg,0
Ein0mtjI,0
DgJ8ubF3,0
Qu8H5gla,0
AoEzVHj5,0
0iMQBeOa,0
fBt45ACw,0
F9ImJqCa,0
uSwnReax,0
xuWERhAe,0
Bd7msfPJ,0
AauRxS1z,0
0MliUjqg,0
WUDXwQeu,0
k6pFvs8E,0
f5hQVU2t,0
0TdIpmW9,0
SGJ8s9B7,0
I0aNgoL4,0
jc5R4YMP,0
al0LHmJo,0
y0tpFgnq,0
eVsihzlg,0
1teowYHQ,0
SUA5DwTp,0
eQLD8G0s,0
L3vGX5nc,0
nRwqkAtE,0
0NCYzBgL,0
gr0U498S,0
UEmpNkyD,0
7CjF1Arb,0
3SpUaPAH,0
vj86bif0,0
gyc3BJXM,0
Y2EKvBrQ,0
vWIQc5Gr,0
8qKhk39D,0
Ho3Mxc4D,0
Zbs98UKr,0
dS04Pfga,0
8SaER3Tt,0
UD3ZAvbn,0
wk0XFDHy,0
3QF49aNK,0
5GyjLenW,0
sIG5oEQm,0
u0NFU5EH,0
BHxdR4lp,0
oM2f6ZE8,0
VMDkhAuC,0
iLIwotzO,0
q3fcWia9,0
kHdtr5sh,0
EmpZYJj6,0
jDnOvrmI,0
sLSr6NH7,0
TX7w3DLJ,0
U4bI2C8O,0
ZQoFwSbf,0
hBZk84sV,0
FG9mv1wb,0
r3EUJe5w,0
qayWANdg,0
Nr3IcLo4,0
IM8BrcbD,0
dzVnDAE5,0
2XCxbuyQ,0
8oXDxKhJ,0
jZli36QG,0
A9PoLpUH,0
JESjNWUO,0
PtNnYld8,0
KJAbG0sd,0
Lu06Fo5N,0
smNt1nvS,0
BNzOGp3P,0
n2T653mi,0
6ZHB0VjO,0
ErX1Y6ax,0
t1dlHaPK,0
KamNMP9r,0
0RPWnJZc,0
wzj3o6C8,0
cfTMjbBk,0
9dNlFCm3,0
MHFhk5w8,0
5o9bMLEI,0
gXw0J45j,0
mKhelST1,0
OdVk8SPj,0
qGan1pEy,0
4Vb2FE5l,0
HSAr32F7,0
ydRXx49H,0
ziU7cFOu,0
HYsgocWQ,0
kqHsuFpN,0
DnLmt5e6,0
yhvmNtuk,0
okBZUvdY,0
L6x21syp,0
1UlyfuI7,0
qOFadb6S,0
s9lvjDaU,0
gNFqCSE1,0
MREQA5hj,0
1JQ8u6Lj,0
MeQ9vnhu,0
297qU3Kl,0
ihjZ9C1I,0
Kh3cAaqR,0
Vlm5IBEQ,0
2ba4pvec,0
Icy4S72s,0
KGjhAnl8,0
NIWQe96q,0
Jb2sc5uo,0
bncEkHKT,0
v0dZ5am8,0
eGIEJFcR,0
yu15hbrA,0
xiG76nkz,0
gVmH1iMK,0
01nUuQaf,0
8BDGt4Kz,0
TFHGKOSJ,0
XI4hnEAi,0
65QVMZda,0
VKUfDdek,0
dAVGU9cL,0
6bqBE5HK,0
IMnJ0mRV,0
EeUlhmxS,0
xPDjiTAq,0
FXaywRiM,0
hV3wfKJm,0
SvZ6FIqW,0
UexgcfXy,0
K2OcqBil,0
YniGgODy,0
xurgIDcF,0
alxjqnUN,0
YLD3olq9,0
Zu1widFW,0
aCsgVOR7,0
GmyOQpLu,0
McABoCxY,0
TRfljA1c,0
Zd85TJpK,0
vzCVbdQj,0
7JayBCzF,0
N2lDUB7M,0
VjMUoEZf,0
a30f2FlR,0
uUxz6h15,0
EeiMAPs2,0
vA7qXk4E,0
Z4EMVtTq,0
SlUcHZKF,0
9gkfFZhj,0
kQbTRCI8,0
tjV0FCWL,0
c2wyjbrE,0
MznwVhxZ,0
eZ0CyWRq,0
SKXwdMuI,0
VG2uHk7D,0
iARTclSz,0
jfmMgpW6,0
IJ0e4rVs,0
6Ow1FP2J,0
Yt3XJ1Sq,0
INnLsO8J,0
naLdj2g3,0
aOU04IDy,0
zs1iUCjr,0
IkOaP1Sg,0
x8Hq0BKb,0
Y2RKghE3,0
n1jNp9Q8,0
EzGZUWMS,0
DelMrPU8,0
UlPDnCM6,0
DkUnBlwV,0
zUtbFNan,0
oqg10SZm,0
nTl6kZFt,0
ofsDpN8U,0
D341ai92,0
Si0gQVqC,0
g9d15czM,0
EblVp51t,0
dlyjADTo,0
eFHIhBE9,0
Nl6HrI9o,0
AZcmWv92,0
2bkSotRg,0
SvhCl2yZ,0
hryNBjCT,0
59PITorq,0
z7GWKLNA,0
27KzuYO1,0
MCNfHU8R,0
hHfsUzak,0
zMpoLY3s,0
1B9TsrNf,0
zQKtsZgX,0
5MmCrPiQ,0
qAuxKrXY,0
UrnscA5C,0
xckm45UM,0
aMLjEGDi,0
tGivXycL,0
kDyhd1Wn,0
5XsOpQjZ,0
TvXyen0c,0
efASkQx4,0
NCpf9w8G,0
9yJUi0bo,0
9VNrJ6GK,0
TEe9ovUc,0
iFgVzmX1,0
Q70E85Pr,0
vYtyiJXs,0
aBEwemqF,0
mGTfFonq,0
Mvi4VtNe,0
RHYo59z0,0
cbKIQuXZ,0
IYvVyMOo,0
FiYU7NOG,0
LX9q0yfp,0
DoKS5UZ0,0
5KZ04cLM,0
JKo3ckBt,0
OtigsPwy,0
4eIao3lR,0
FnroNZXq,0
xGDT5iMw,0
e9TBF2lw,0
RaoWj0hP,0
YxLW9QvH,0
HJXSiC2p,0
8lNy1J5G,0
Tz9og2E4,0
zKkeaX81,0
28XUdQu3,0
mYpHustG,0
ALfklQhW,0
EtkgOZj6,0
Ki7rWg0V,0
CUbSvudx,0
LbIa6zpc,0
TW4roqQO,0
qVa97FoP,0
XVdSJACI,0
q2uIjwF8,0
muqR6v3P,0
bx09LMNP,0
wkfBin2y,0
81utqCQS,0
wbXgEKzV,0
ALFN6R1k,0
4HDiEl35,0
upgwF1BT,0
RzMLkIFw,0
OfQHJ51r,0
MLOl8Jrf,0
MjuIOkWG,0
oO09Ieh3,0
yYdH356U,0
soTrj4eN,0
jMbC78tD,0
YaWqrzAZ,0
JLAGKrDo,0
L6eZqAnV,0
EcDQjXH1,0
tBYDfemx,0
FCqIfx6g,0
kI1nRv3C,0
y53YSpWq,0
LXyYmg60,0
8okEjxm1,0
1KxYqRv3,0
ftqbkSI9,0
7xvYKCfo,0
PKmVdMC4,0
sKqCUkGe,0
6nuiyI9o,0
lNGFKvDc,0
TXpZ9xVA,0
1SP6NXHl,0
1Z2OM5u3,0
aXjGzYr2,0
NhsAtF4R,0
MH3Dht8N,0
tgDRQMO1,0
eIFy95k7,0
fAxzbv9X,0
1QcS3PF5,0
3Z2PJqu0,0
fM364mk2,0
3ykWPfRT,0
JeItzn5S,0
ylubjnNH,0
nhmkBYgP,0
20ORFscx,0
iy0YoKjb,0
NQWKe7yo,0
aqVhd1z5,0
wgerAdYT,0
BL7s1f69,0
COA20HgP,0
zgAKOjfo,0
Hrv8aADQ,0
gDuHJU7i,0
vpR9TGxO,0
lQWAzxHI,0
SpCPhkOT,0
PZR7t2nv,0
z6hrUBHP,0
lbNpfVTP,0
RDHYh5KA,0
3q8nOUMS,0
6DTFNKAd,0
bxCuJz28,0
ljUp61Qy,0
FfHOiZGU,0
ajnrUOFX,0
gwyZEvqx,0
qSynV05L,0
z6qLSeCy,0
wQVbd360,0
FUsKNL0X,0
hWOR67IM,0
DCu5rfWy,0
P3s9pDaw,0
HgjF8InJ,0
y5jWI0Zr,0
vTC0M8LR,0
aXusVfDE,0
n1wFrNu8,0
SlPohs8C,0
TxaI1MhZ,0
tnmOqTj6,0
5XT7hvcF,0
UEPLBVku,0
RYUASefq,0
o3pmlfzw,0
6Kswl0hI,0
V2sECApm,0
lhC9x7sP,0
9n8iKdoU,0
bFPcYWw6,0
xrLohvWl,0
qjCXzJTS,0
eQkS6grG,0
S7TLtJ0m,0
8P3JwMur,0
W8tf9kJs,0
EwW9bnTF,0
NelWo0KQ,0
aripbTGA,0
5TFCAmy0,0
tswSBXp2,0
3ajcCri6,0
XjkbfwGH,0
EtldYFyu,0
phK6A3xU,0
xvPriEph,0
Ck2oQfe9,0
vrNxRISF,0
vEtJ8yRC,0
T9j1OhHF,0
dFtDk06x,0
aAFiQsvw,0
7i01WcsN,0
a9AWGetN,0
wmPKFEWO,0
3JiGvDN4,0
Xr4idK9e,0
PM20B8ie,0
sX6IEw7D,0
nwRvDge4,0
rA3nahjm,0
Fqj3mHQy,0
mGJWiIeH,0
0SujTs9K,0
E78utgP6,0
WLCQfNRT,0
qxe2fd7V,0
6Q1sSUH2,0
T6vUfsh9,0
ycWL9D1v,0
z8kR5OD6,0
iRAGHoPW,0
W5A83dgX,0
5jbHYmKV,0
fqO7SxJK,0
3HLcQJKM,0
nJPLqtzg,0
NFLm9h3Q,0
ENbsZUQx,0
jpa61O03,0
Z5LJE647,0
KzL6ZvRr,0
R9g0p1Mf,0
XgnEGbJ8,0
30dN692V,0
grRKINlc,0
iMvZDrNw,0
ro7Kpke4,0
kdC7INv8,0
YVTqHeRn,0
w9kXs6mC,0
wj0bRzoF,0
AyjCnGD4,0
riasMc2E,0
MJuGOEYh,0
e6hJcXg2,0
tP69qGL0,0
nK3PothR,0
NcQ627qY,0
xyqQNREz,0
w8yS09pi,0
e70ksmNS,0
ZLdCytYe,0
4rQICLTG,0
102rTcHk,0
x6UuyOpW,0
ShroYu6g,0
CdY5qRMK,0
xRG1mjPW,0
pG9ObDXu,0
WilQHXon,0
LWZBJvfj,0
YZzNaWEs,0
VWSf4PEK,0
AoNBaLJ3,0
64yOWPrm,0
JV5NmhBr,0
kxMjFhN1,0
gk3sU1wx,0
WAaP8qiB,0
zlA5gBCi,0
ZBcrkUut,0
jrTxtWVP,0
lTINxAto,0
RnQkyESG,0
l3wcpGOZ,0
ow7IZCFY,0
3Zso4m7S,0
dNxkTAaC,0
rOVpnhvy,0
ZKCnMsb1,0
AamE3Cjl,0
SeArGf2v,0
m1pNSBiO,0
De86Njml,0
WDVYQTrE,0
ABRsGmQV,0
Vp18esIw,0
egwVdX2f,0
WyUkGaFr,0
WBkYy9zV,0
q0gbeyui,0
FvR2L1eY,0
MReSwr1y,0
LUiqk8Bx,0
7kYqlNDw,0
lH1pMaWr,0
I4mAoPFJ,0
ZN4xIGla,0
1jTMIhVR,0
m4LES3xN,0
bj1pRlA5,0
DMZCTovS,0
UchaiX7Z,0
x62pRtjs,0
9iWwTOas,0
bgoUL0YR,0
J7PLOkeg,0
iCQTg9un,0
WdmLDtXq,0
aBjm1ieh,0
Y1hJkV0v,0
gHriZ2ln,0
gWA3v9zZ,0
mCSBAxE7,0
BZND9pxH,0
WQCVZYRI,0
ahQ8kqGj,0
cpUKhqmV,0
62yzLRQg,0
bct4uPkC,0
Y95EiIUO,0
gZT2RWMV,0
rLQmphTY,0
8PAcJ5Wd,0
dGEkHvz2,0
hpbeZwL8,0
X0N4TvOH,0
WhwUM4Pz,0
zfT14CKt,0
hTy1BVXW,0
GuyN3Qaj,0
FVMLTXAt,0
CtgaDZnm,0
hD3EnbC1,0
bs2EntN0,0
1pQwNBzF,0
NCe8Oc94,0
EOdVMBka,0
0ShjkLA4,0
4kTxo1Yt,0
u4x5QMrA,0
ULawI1bh,0
fbRqynk0,0
t9BPr8N2,0
CpKHGsSj,0
VUsdgACn,0
iL68MRTp,0
rMJdjoam,0
o2lVceBd,0
VNBi5D48,0
aS02OvjT,0
kJLDGPEB,0
xm6gBhTe,0
EnlLSfqN,0
ey3LYNlu,0
jZqADeM0,0
39hKAugR,0
w7NqQCm9,0
RXvWsEq9,0
O8rcgi4u,0
nPOuKNWw,0
8gJd4rws,0
DTU6asHw,0
xSRA8GtP,0
wXfOU3du,0
3p0szqIP,0
Vlr1FZiM,0
hqQ08CVp,0
2KB5TopY,0
EiHXmfud,0
w1V7JHKS,0
i3PvKo7q,0
bdIgkpaL,0
zDUu50rL,0
G7mSOtEH,0
S6jV3ElK,0
LSKjICDY,0
Ycwl4yqa,0
wKZO2J0l,0
iEuzAUQc,0
02l3WRi5,0
Ic5dVPTA,0
eCEszgxb,0
YVXnDz45,0
086IDRtP,0
EGvSJAiD,0
bgyQW8k7,0
IAlJF8Gi,0
BVoHqA51,0
fgmr9RNK,0
b28XsGFU,0
sf3yIl80,0
Bs5k0nzb,0
U9Y5ONox,0
3sR4fhrL,0
2dyAnWZE,0
qJNcBwpa,0
w14IO83g,0
J8n6cVTR,0
BVrb3Tj5,0
oAmuKYkF,0
BqLlRaE1,0
HIC3zuwl,0
OUyG4qQI,0
H9OzoQdC,0
lPT4do69,0
0HewMxNq,0
ghk1BWIz,0
aGnIH6Xl,0
BOYiSMxK,0
QwFVdv3S,0
kaW0BoFx,0
jILQ9v5O,0
74lCGt3f,0
xo0OIfwm,0
ojy3ZN4i,0
3LkjtQbN,0
jd6rkU3c,0
YZX0F5Pn,0
48WFwshz,0
bnOB1lpP,0
6GL0tXHc,0
3t5QSCJe,0
uoC5x0VY,0
YUbeyw4X,0
9Z7nriTx,0
vl6LfXmM,0
p3BG9yM2,0
0cmqEHYD,0
zopr21b8,0
LrKmWyfN,0
AhbXWmyS,0
GKLdR4N0,0
ilebIOHc,0
t5K4WDbZ,0
XzG4YfPg,0
V1NE39je,0
eIRybu4Z,0
EoIpLeth,0
hpBQw7G1,0
et5DHJdX,0
UwRjsnPc,0
2GyAIORX,0
VsneJMhY,0
8qonYkhX,0
Wcd2o8ki,0
49lgOLpQ,0
CugQqaki,0
XFu3Oi5g,0
7OGXA2UE,0
VSy0EzHj,0
mrYBvHZS,0
KAYfpXvO,0
uYhKJl4G,0
z9ipN0U5,0
oHKaGEdY,0
80Sh7Dzi,0
ZI0Lmue7,0
B0pqYgfT,0
8iZ2jhVb,0
gKI5f4mt,0
saNkVbqm,0
VuqoLk2D,0
lIu0qrLG,0
IOWzTEZl,0
IsAJNg3p,0
kZCeNiM8,0
83tLjXSd,0
8BSwMnbu,0
D9LtNCOP,0
CK4PIZhi,0
vXLQjPY8,0
snCaAILi,0
YLtOy6hD,0
TibrOIR4,0
Y7PKHbyS,0
FTWghSZe,0
98WhwZGl,0
SUMqkz9J,0
71kCzedn,0
MjSpvABU,0
6LXwKt7v,0
MtomL53u,0
gGXx6vzZ,0
EWzFPJl4,0
bUkIXag3,0
LpAl7I3h,0
TSsDv9jq,0
BW47H8zY,0
OHpLvzaK,0
C7VHluMI,0
X9bU6rEZ,0
LalknmSD,0
CtPyiWMQ,0
TIzX97hU,0
wTvYqPKE,0
MBKqglud,0
4kgdjVpy,0
FD3urvbz,0
RKpxgdU9,0
bmh5O3U4,0
KZSPcDxX,0
yp5cUfs0,0
EaJFY6AZ,0
1pCPezlM,0
rev5ZtgS,0
ajTv5gup,0
UgL3kl1s,0
nBLI2k9v,0
CD9oiVac,0
ouBZdzkG,0
xYiP2gHf,0
irGzfP2Q,0
reJgXEHa,0
s5XayKqE,0
LqJ54aZr,0
WU9SAnpw,0
9nPMR4Da,0
OcpWPN8a,0
V6pK98JX,0
HlnYaJ7f,0
DJwjveOM,0
FQhJ6Zxk,0
SBnFy7vr,0
rOQcHSWU,0
m6TJ5Eot,0
CRNXMqZ1,0
g0AwHQWi,0
d27GuHEC,0
Iz5PfUCA,0
AarxT82v,0
Nn2EwfIp,0
BVHPWjgT,0
WfnBgosS,0
wocCVYFb,0
3KgwqCkD,0
aHlb2TRk,0
oC9Na24R,0
1B0ftT8P,0
394GQCn0,0
sePAl83H,0
SusnTVMe,0
MuaDOo9n,0
Bb9CsVvm,0
dSZvhUXW,0
LUjsf4P8,0
0r2V3ni8,0
FN36fVPw,0
JMB0T1np,0
EXRqpywG,0
6MiH7j5V,0
l0OzVRmM,0
a4XwR7Or,0
Yc2bW6HV,0
8UOlhTCI,0
GBJWkRxA,0
qJTk2ndf,0
ZWvM91UK,0
xz3E9M6u,0
98P3M2RD,0
aRXPq3DK,0
LleCtxho,0
VMFRSOnA,0
1tHR2Eay,0
4wzoLanj,0
6XaiWyRg,0
XkzaWw8g,0
zcC1VpJH,0
ItAX9asi,0
g6UkQMwa,0
iUAHN5W2,0
1sUeKtNZ,0
PUytm5EW,0
CsiPNo3u,0
BmJAf6QF,0
3njo8rzX,0
CLE0IwfU,0
hYCLHqMX,0
QhYHny3r,0
cBo5xfza,0
zhDjuHrd,0
xTXKuAFP,0
UWFQVORy,0
SIWnNodh,0
GEa3NiQS,0
5ZsUE7BA,0
ciwEvdQT,0
cUm23QLd,0
0KbZJFUC,0
K25pSv8V,0
suvDhgOa,0
vkt5jH2W,0
c6p90dtY,0
3bRIuwts,0
QoRm0hCS,0
WFB0fnKL,0
9daT4OW2,0
zyWSPEZo,0
0Kl8b4nJ,0
yIVRfx6c,0
LcamVruw,0
ijrHu0JD,0
s7idqSlQ,0
SoBq0yG6,0
mtSuAhvx,0
nkjdCL67,0
GcCdm0WP,0
vZteH4ju,0
BSkhlHrY,0
xwstPFH7,0
0QOxztgM,0
zpACIqgY,0
VmoTb6Cf,0
wiWKMFcD,0
cHbWY30q,0
8mDZxP2H,0
XpIzwg4m,0
BURDm6oC,0
ltQVNrTA,0
yxoeH0v9,0
uFZHVtn9,0
lg1niWPr,0
bf7N6rca,0
O0P4xgJm,0
jmNcZloY,0
Jm6P0uiI,0
ZIFHR4fm,0
ORIiMkcn,0
Cwmq5KLM,0
VMTv12WY,0
vpmbD78z,0
6xbWGr8Q,0
fm8TRzjD,0
JUzk1e6W,0
Kamf7zTX,0
CtgIuBME,0
dqOuIBiH,0
1wMD3ZNF,0
om0sGEU9,0
ufKSWiX9,0
qDsE4yhl,0
DBjNLWSk,0
rG7wyYjm,0
TQnpR0Sd,0
4jofAS9C,0
R6QxvyAT,0
dYwKPzA9,0
HfygzO1Y,0
vZMeCr95,0
l4Nnd7DS,0
9SaVcEfu,0
iBGn8JlH,0
faNnpitw,0
mGe01pIK,0
DIc1Oj3s,0
LCxk1fsN,0
12GyVksT,0
eSGOvmYo,0
guNchK5U,0
adLuCA0o,0
lR7YVake,0
f0bQwvNr,0
BifLnb8W,0
OoZybcPk,0
uLJ7V0qp,0
h7cMQ5O8,0
eLkQR15w,0
j7S0JbfE,0
LNiXVkK8,0
SU3DT7K0,0
C2R3FD6c,0
4Dloe7Uh,0
MQ4mGvAL,0
8gsF3EO2,0
t7dwlXuY,0
3CJvXApY,0
KUZ5eg8k,0
h8YaofSF,0
JoIchLn7,0
y7R4f5AC,0
ipFGy0Ig,0
CPbGnlJE,0
Q5c2MKhY,0
Krz1SMxT,0
jGcpNFPH,0
jIV84NUK,0
GP27Rhuj,0
IkU1buv7,0
BcuZ3zmG,0
cme89LB3,0
V3FIOfY7,0
8TrDIcOh,0
JVOLMKy1,0
Ii6FS0Xz,0
ECWnkAH3,0
DmOLiXyG,0
6HQXAiM9,0
LSO5ZlJu,0
FIEXfgSn,0
1BvNJAor,0
kOYqy6I9,0
4zxVpano,0
M5ZSCqkm,0
eOrvQSIF,0
45ALwR1S,0
LQ0kxrY2,0
TnXDxZUF,0
7W9d5TCw,0
MCslgXJZ,0
1b4ljGv5,0
Yhvqs7Qt,0
LwxgjsI9,0
4quAItpb,0
QmpjPVBh,0
TLtkvKxJ,0
j957bPXm,0
kpGtO6yS,0
bIu3TPHk,0
aj9QAvVY,0
KONcaxXB,0
sj9Ir7kW,0
1TM4Fg7x,0
5ThL1uU8,0
v2REaNQs,0
a0WBp2P4,0
HYUo4cqI,0
dTYfys2Z,0
RGlHun0a,0
7WZDXEnN,0
MHKomjrE,0
rxQRfXO4,0
3CVz18nE,0
liprOYun,0
JipmAay7,0
d2QGE8oq,0
mTDR2pAI,0
BwmTvFXL,0
naqAyocG,0
pRnoKy7F,0
JOySB8Qo,0
s3a6gMS8,0
5xC6ZElm,0
y6M9DtjZ,0
8AhlM2UP,0
qx1ZaphM,0
mA1qZ7hz,0
ERVsK0GL,0
rdeTbkxA,0
QE3wlM1t,0
kYfK7G3I,0
houYHIJ0,0
nsZXVWrz,0
9iysWl3d,0
UMWRbX4x,0
j09u8E5Y,0
N1f0uQeF,0
6RxC2vB4,0
kZFO2Srs,0
WTbD1Fej,0
ohD2RC0k,0
Qbz7cLGq,0
ENfTPQXp,0
gp4q0oy9,0
7tfU1q3s,0
Bme6F0Gs,0
Zi0LFrn6,0
icewBNDH,0
sS3m2deN,0
wSHzW1A4,0
zqlv3PWZ,0
XyBbPaeS,0
xqDlF3IE,0
kIJCabAV,0
PRFZWhc4,0
Kwz7FYlI,0
aUd4xD7L,0
9yaeBWov,0
TtgYunbQ,0
JyMAqzQk,0
opUzcnve,0
ZOmtoCkf,0
X2nmaK9Q,0
DkJcef7s,0
i4MLNwmu,0
LnAbHJUr,0
ShYFdcWw,0
vBsyiaKp,0
NqkpwLUK,0
FZV9NUKq,0
uzhLJqUr,0
JVTbOucY,0
4lK1ynIm,0
VrfA6amc,0
qpgu8bhN,0
kqtK1D9y,0
WfG2eEFc,0
X31NIB9h,0
6JId8B1L,0
brlNnIJ2,0
cPLD2m8B,0
7h1R4MdW,0
9pBiCOUE,0
GRtcBqns,0
OTqyX2Yg,0
tIjogrCG,0
f9ldJua0,0
WV7ox2H0,0
4r2RBOVx,0
35sUXSNH,0
AtcqmEDn,0
c8EwrKb6,0
h6L0yEFf,0
DEMJ4X1f,0
2JIyHuds,0
T4AJEfDK,0
BCiKLSZU,0
1JvWOkhQ,0
ArzC8PQp,0
NkjVHU1I,0
HrWZNUnj,0
FfshebaU,0
9zEA1Ljf,0
Emhau2xO,0
GDZkL8Cy,0
N69RuUKz,0
TNxA3u7E,0
yYnURgZ4,0
QHMPacbg,0
u2jXlUA5,0
mv3EjdyK,0
BeaCmX9h,0
v7JhkxMj,0
b3hugkl8,0
hSzovewX,0
XIoutYEc,0
XT8HI7hG,0
RB7NomAK,0
oKW3yHP2,0
cnLolzZy,0
Z5vxjHMi,0
SbWqXaDi,0
iqH6AEPw,0
M0KxP1rp,0
NtWgiu7Q,0
1jWUPlEx,0
0pZriOzt,0
5LxjUoXw,0
UN6OFRiQ,0
9QbUkIxc,0
lxZnVymf,0
csHELWCm,0
XKjzQtOF,0
bj0THqG2,0
wgrbZonc,0
lmtQk5Ke,0
dXcGDru8,0
JcpLYglt,0
dV7MqsSK,0
MrZCq1Wz,0
yqj7hpUP,0
1YFogWkS,0
5P8dwlyf,0
m4tpCfJw,0
4M9hIUq5,0
ZGdEwUcP,0
JX9zxbrZ,0
CYEVyUp5,0
HgWSlbAj,0
KJy0lVAp,0
oWT7iUC6,0
kb2SwRPa,0
LJYPvRhI,0
761IbR0X,0
2HKJkaYt,0
4C528qKB,0
rZfzjUoR,0
15kbHNoi,0
uijna78G,0
LP4cDVze,0
czMqVoTl,0
mRZyQ6TX,0
76IDaZbt,0
BKQScEtn,0
RX2GPvYx,0
hq8t2Yxr,0
MfekumTi,0
GMCiRDWI,0
07PKkdGp,0
7qfGCtvw,0
nubUE8cM,0
3QpDm1q9,0
9HGOCiZt,0
C8kNw3lb,0
J7r1MeWf,0
RZ7zrgfU,0
o9gk57jI,0
W2GLJU4Z,0
8aiobw1P,0
ACslIShQ,0
iWAlYHoN,0
81tfXvYj,0
jc1u80yg,0
Tcqy9eIR,0
cE20NC5H,0
TqPzJxmU,0
mIFzZaOE,0
YEpejnM9,0
KNPT7rdf,0
89t25w1R,0
2Fy7XvNG,0
ZCkl3i18,0
plY4UDIO,0
dEvPcpxz,0
pud8UHcG,0
vgKw5BxZ,0
QCvoSBpR,0
JMsuL51v,0
248nZtoY,0
74893eIG,0
lnIFfYSg,0
6FIeP1lD,0
CHQ8ze3x,0
i5e0MpIF,0
kbwRQvnl,0
7m6k4Dxe,0
UCl7bK8s,0
yvhLWVwo,0
G2YetWC9,0
pUwcbQBv,0
5pP7IHWJ,0
xBR0aOgd,0
U8hfFrIb,0
zbu3I6JA,0
EJdf2DFU,0
LOQEC2VJ,0
OxAmZs2t,0
F7uajIMX,0
D07RlLn1,0
kabsxONW,0
myO63oe2,0
1l8x3LDi,0
31IjELQl,0
JyHxhcVW,0
qQA9IDeL,0
3fpFMEBm,0
jwVCaKvY,0
TCl2EIWd,0
QOl6ZYr7,0
vCf8TVql,0
NDP8xVJB,0
O5UhijtV,0
4uDIVJfb,0
3BmMZIw7,0
aSpWy1gD,0
Uh2xHBDM,0
Nr97g0o5,0
v4xka9Xs,0
rCdTzoQg,0
AxL90iEr,0
XHlyCeDY,0
bru6oAB9,0
bh3FWK9E,0
bYQwPl6e,0
lBmuvSgU,0
wL4DUQW3,0
yUTlfZsN,0
Fdr1DXv8,0
iHn8YOI7,0
BReFiIox,0
L9hdmnwt,0
xunZ0ISr,0
avVIXeiF,0
kYUfgKH3,0
DLn3ycHg,0
lCDOHYuV,0
ZW48LlmR,0
Hnly95Fi,0
UnTk0cQD,0
OEsxTYyc,0
nKbdNwq8,0
hj2ouKON,0
fQkoNJT9,0
KsWyvXTS,0
rj3yCOpX,0
zjAXYikP,0
9oVSQAsG,0
dolCfpTV,0
eEDV6KPf,0
aPm9otlM,0
JpyGPFc7,0
B8yI2dfU,0
hitvfQCw,0
ThjnfM2F,0
EDICcjG8,0
vd8yA5Ib,0
GxsP7ohM,0
kiBNQwdl,0
Uhnw3fvJ,0
mzaZeloY,0
fAQbUr3W,0
IJOvHg5V,0
SzuBnHCq,0
IZbY2i5e,0
1IAWJUfO,0
c8Pm4vr5,0
Q57AkIDR,0
xIkXvimT,0
tjZ6wu3b,0
GuOnfwTg,0
yehgvWHF,0
uQWLfSop,0
n9FJxSbm,0
mc8HgfKW,0
4KQrgWVS,0
63oRm4g7,0
xCqNY8aK,0
NQpTPWMZ,0
mw6B0vjL,0
hOsXx9L8,0
8t7DSiQY,0
Mhu32dV4,0
sIkAZpGt,0
jpATnikz,0
TBhAuCad,0
ER7alsiV,0
uA4pZBc5,0
8fVFJxhI,0
ZKxXaSCk,0
tZxLgWse,0
MoiH01ck,0
9acSXJ2H,0
lRqv7ywZ,0
lP3AQ6Fa,0
YVXNr1pF,0
7KIYWbql,0
AayKXwUZ,0
rwtD0cI4,0
BdoQkny7,0
bldS7Kg6,0
jRxCybZP,0
g8SJ0hRK,0
auP8rwWN,0
Z4sGUrlM,0
RsZxnvrq,0
qGiSw2D5,0
fAUMw1We,0
ouid0zA4,0
wIHnrmdT,0
vbFNzHte,0
f1nIEl5Z,0
f7pmGyou,0
1ZOgYrTq,0
D8qRuBFt,0
ilO4g1J9,0
iXG8vVLJ,0
PbG1nZa7,0
RI3hot42,0
KSmQPrfk,0
VGuQCTt7,0
RkxANdgl,0
BqfF80DT,0
0aId4rXj,0
jdyYPLW6,0
y7GDowup,0
3Z9gbAzK,0
usIYWOz5,0
VSftJOs9,0
j0sAdTIR,0
9GcP2oKv,0
EOCjU7oP,0
gHpueayz,0
Zy9tVqWg,0
UXWtk3g2,0
jCnxAf4m,0
VHoXBCSm,0
fPJHgEOi,0
tfXYrWRC,0
eEjcQnUV,0
pwlBLncu,0
u6pLFgxA,0
qdwDvbRH,0
OfbAEaHe,0
5FxNw29h,0
QRPDwGez,0
DOKU7wEe,0
YO8VEpoR,0
a9mRZJeO,0
JSGDXoFi,0
hwDrknf2,0
ihJlXr2C,0
mjbutsS1,0
CNkDnIH9,0
cdp9OQFD,0
sv5WP4GA,0
87JM5GYh,0
mqa9wGhj,0
6LpncJHj,0
W0KCuq3z,0
nACarBKo,0
G3AW6oMt,0
GTJiIgqj,0
DkKlb8w5,0
X0eG2KN3,0
ft7ayVCk,0
GYEziT45,0
C9Q2fxWe,0
K1N76yrz,0
0bLz8pAk,0
7KnIFqDB,0
OUHmpf1x,0
rzvj5x3c,0
OZs6H2EF,0
XkW9N3eY,0
E6C8lu9J,0
9hHprzmq,0
sMvR1a9l,0
PN379F5a,0
tChIi5aJ,0
6zSPitmF,0
sQgaULWA,0
wjNXST7d,0
ZvlASKTJ,0
nowHvuiP,0
lo1gWscS,0
MozGj4Xx,0
NMiG48ze,0
M3LhsZQk,0
hjvT7PUr,0
rTxLUHBe,0
HlpbxTqe,0
gKjlv79Z,0
T7RDjxGu,0
rZBQl03e,0
UwBycsZ6,0
28Y1RXJr,0
ShnHwOy3,0
zlR0LoMk,0
9wgEUTYL,0
iG2vjO7D,0
3X4ogbaT,0
1SfcIZgV,0
pVmJjWTc,0
aY7dyivw,0
9bro8DFH,0
TEQoyj6U,0
1w8sy7tT,0
S36WTjYu,0
Y6wvUkzF,0
zCXaHkp7,0
45VXDExS,0
buwYMvAo,0
FC3xiH8Z,0
l3E2LNJS,0
CUVYXRvI,0
t9i7hFap,0
jzl90eFn,0
1EJhgrwD,0
jFzqbIud,0
s5NzUM1G,0
R7rgbecJ,0
KeacGpOl,0
6ONoqmUW,0
WaVzUwuY,0
PEA243Jp,0
I3OrXjmy,0
m2GcSwfZ,0
ETGS4WlP,0
JWHtMGzq,0
qoCGpUWH,0
s0FKtqWZ,0
PLH0Dvd6,0
7ZFj2TOc,0
LXUzMmTc,0
UNil01xM,0
MlfUA1dE,0
dCMqnEOX,0
LNBjDhtT,0
vCjNu4S7,0
RKiBj2lp,0
7ZSimMJh,0
tsIcgh26,0
zwvuBXJ6,0
tyCKx98D,0
Gt5reUn2,0
i2JT4zaQ,0
9MLrZ7lw,0
O9kXpVmD,0
Unixm4yV,0
nmK8Qxz9,0
qApzcxfo,0
tqiDEAgJ,0
w1Nfz0AF,0
EXh2qGbU,0
lxvanW5z,0
Jjb5D3CZ,0
G7HegRcm,0
FH3ZRsEX,0
U3T01hNH,0
64ZqKX3A,0
YetIlFbA,0
tiO3sYwK,0
XCzqKlIj,0
nME9zby5,0
VpTUCgRl,0
EefDpxbG,0
Da4XIfPc,0
SVxFlCjp,0
8wXBgFz9,0
nN3GQ4qk,0
oXvQK4ij,0
47ugfVSB,0
nVJpFLce,0
SudOJ25B,0
o4wPj1Ea,0
ZCbu7ULD,0
0JHmexwt,0
vEGCUKay,0
dKc3tasP,0
rZjDJCx5,0
gPZRknjb,0
f1OaH4M6,0
ecIGOqv3,0
pkNUzfQR,0
B25sc0VY,0
byuQ5dBa,0
nkvecaTJ,0
v73DEXLR,0
V8Ue14tv,0
ToL1v6pF,0
6Q1vBdFa,0
s6UA85Q7,0
DsMpY0cB,0
SElBDktK,0
8M53z0oE,0
KVBM5fqT,0
xWw56OB8,0
o91VzWfp,0
MB5tzTQq,0
KlWfZwTk,0
OyXcfH7J,0
vPreMz5w,0
z0ub9FyX,0
RbEAPoY9,0
ywLsTgtz,0
5uOL8CVd,0
vGbM0kwx,0
t45DiCQO,0
xN6nliMj,0
BzUcapub,0
1qjcNfT6,0
BV0JdOcK,0
Z0ehtXsz,0
DvJXBPmp,0
B5sY6qrP,0
e2CUz4nt,0
RwLKhngB,0
73ztVijS,0
Jv60wE1F,0
pn09yCZU,0
oyMiKWGH,0
5iX0JLG1,0
ZybaC3eG,0
36ZKowDf,0
j87W2Gws,0
u5rp81GU,0
8cowklBi,0
YLgnMrQU,0
Lx6RTvJ9,0
nQ3AxvHo,0
5wnjJVAb,0
Q76AOydx,0
cloeSVhE,0
Qq2SXfw0,0
4QtX5NdS,0
g7xSiaA4,0
adbqEj59,0
sdVFxXcJ,0
SC73YGUh,0
naObywDq,0
62ptYAPh,0
JnIi2U8k,0
4jCnX235,0
AtmQgefu,0
sVP5KgMz,0
4HIe70ub,0
4K9btANU,0
073SXqRf,0
pAToKG6J,0
OG6giCt4,0
y4zXrLDo,0
UzFD8nOf,0
iZSEHzU4,0
5RrxzoM0,0
0ydZiSqe,0
1ElUpirK,0
JaIGXgmQ,0
FDHvu8Ad,0
HDbUMmVK,0
M2fyQ4x3,0
rfDEQd82,0
pB2WTZq5,0
ib7ZMmSd,0
pBZISn42,0
cGWIvBlA,0
9O6Rbeqa,0
Sj5Tuo2n,0
Dx3PSwgO,0
DVx6bn8C,0
T0t5PVXc,0
1fgP5dTq,0
9iEQjGyI,0
y6wLaMxZ,0
KeiGpMyo,0
3UV2TWGD,0
O8sJAmrS,0
Vi4z1GPo,0
Muj7lD1G,0
5PNK8Ihz,0
FEVaxGJm,0
chNg8lT4,0
fFpw2evd,0
osDpdObR,0
0RcPltsq,0
FeBMZNzQ,0
WeatXVR9,0
Boerkf0H,0
6gpLi79f,0
aK0mD8TG,0
MIJ56xcS,0
gHPVopD6,0
csrIoBbT,0
IfMSbj1a,0
rV7du6nH,0
qmMuCSV9,0
LrmtS4Py,0
bEMsUDL6,0
sjchbnLZ,0
VYO4RkWa,0
1TAXz9u3,0
BeasmgY3,0
uWky70vK,0
nLsRm7bc,0
BXnvgta7,0
FOsxo59g,0
nAdikEsF,0
P4MC7J53,0
WfVUIqPt,0
izQC1TYE,0
1VDGxUy6,0
P6ue3E4L,0
263PGHQc,0
d4P5CkZI,0
RqlJu8rz,0
nlCAQNKb,0
iFIUaBST,0
WiU2tesY,0
KTR1qy0x,0
0Btl5rbx,0
A451voVj,0
eDTHL7dC,0
GhcJ9Z4D,0
vh6li5g3,0
dWwD3fCi,0
SCTjquE9,0
Qky8MZDh,0
xTKpVvow,0
U3n4qT19,0
yquhxOEQ,0
gMSFJ5UR,0
qFEUtPO0,0
whSMgBfz,0
gSa1ykz9,0
JSQy26tw,0
YGn3c2Iu,0
ricCbaOt,0
34PWylzF,0
9eogSGAm,0
vPCu4mML,0
jBZ7OpNC,0
bqDtTgXP,0
JMA87uqO,0
tziDdwo4,0
bSZyC9xR,0
OtQsHIkT,0
UHFCcMWV,0
GLfkMX5u,0
ZQG6Rupi,0
5CDKveGk,0
FDu3owjg,0
RgOcCaGd,0
1pZjQ2Xq,0
D1oyJMks,0
ArchPj9U,0
HTLARErD,0
E3CYIFLu,0
rRUtYAgi,0
0kuVfrpj,0
BrSgbOu7,0
Waphz4QN,0
V2Oros3S,0
BgD7XwYc,0
vkV7JEuX,0
b6oQyNW2,0
957HdhKq,0
HghAMFQz,0
IYstXwG5,0
lHxyWJ8E,0
HwN1MEqj,0
j3yaYH8Z,0
HkNKtRUb,0
Xp6miEcy,0
GfHLv43y,0
UQSnOM0F,0
9a6YPvkD,0
PaIhXblM,0
UZ5Aqk2S,0
kIdE4zYX,0
yK9AFlxr,0
2CLDlbk8,0
FIZm5cNJ,0
iUTtc8ZB,0
7CiGZNQw,0
YKeWqoZQ,0
90L8sOUg,0
Nb9QEh0X,0
RmhFyxDI,0
k42VHljh,0
0dlqzp8n,0
rk7bImnH,0
yw960IC4,0
L5oSnsVt,0
KPwz5aRe,0
IZqDXjAw,0
C5UmopQM,0
HqFCuDtp,0
ju4PTai7,0
qL4dHXTp,0
dBTHNSzx,0
Uzb84ncx,0
zsYJN8tm,0
70PSDoWi,0
7GDJuxFi,0
RXhGab0P,0
HlyasmSK,0
Q26oyZgx,0
5j0wvHbI,0
QjeD0say,0
Ub3SVd8H,0
nyLbQfxF,0
B80NZrtK,0
EIby4zWv,0
eAEsWrbu,0
kyN2rCd5,0
OLDFRmz9,0
GQoZYySD,0
KGOX4BfY,0
KjEZeXLW,0
3sl2SBj7,0
HPuosZkf,0
8OZKFLja,0
MS1iNC2z,0
XmQ4Oo0y,0
bWvctn1C,0
tJix0VTf,0
5mENbnZT,0
Vu0XHDBZ,0
GARSgETk,0
s4RvFdyD,0
VF3Nq27f,0
6KZf24mv,0
YW7qsOSL,0
KD5BjnIF,0
aYEOGr0M,0
2niv8j5G,0
vFZ2WL5X,0
ULIC1pqO,0
5SD9ikrG,0
XxzapZ5O,0
SCPu5E02,0
aPq9C6b2,0
wO7HyqdD,0
mT9DANPg,0
Ku2hGgji,0
l5iDRnFz,0
umOtojXV,0
zCumrBgx,0
q4PtiW7I,0
63PIXwaf,0
5pyN9rmY,0
lK2dHVug,0
ACuBZyIX,0
40EdkHIJ,0
CkqIOnQA,0
lEkC9730,0
7hFGn02a,0
oEBzbWtc,0
TRUzliGS,0
bkFW57QT,0
1xSZ38oU,0
o7Jn0MLR,0
bEvKQlAO,0
C3FA2bIg,0
Edx50WBR,0
eca3U5rP,0
nomvO9d4,0
gVLAlxpH,0
hx6Pe2fw,0
NlWZXm06,0
R1JfUZGK,0
1IHPsW2h,0
ota4b1hW,0
9SdvzZ1o,0
8Bgj5wkQ,0
XDIeUm3J,0
LSFsWG0t,0
PuhTMbGW,0
WwyRcMA6,0
8Z7YaHMy,0
bPExTL0A,0
CDyn7csA,0
jn9Pegvy,0
VRq2lPsj,0
K9ZdR32r,0
1QNc6A4k,0
MntwTmOL,0
HwIvaoJ2,0
WFv9P2bZ,0
TYokPZ2C,0
nRX1Q7fj,0
xpPRDrki,0
JIOq6ZQ2,0
i7BJYw2d,0
xATL6BlF,0
ksFryQ8b,0
jQI4mKHi,0
LUCfj1ks,0
NSneCVfh,0
1FINKhcV,0
gBWi5e2U,0
N1R0YtnU,0
DfZ8bSWd,0
J8sqQk19,0
Gpv1ntYg,0
536vFK0B,0
LQaOVX6s,0
UjC08AoG,0
liU5brAP,0
S1jR6Qc3,0
ZGgI7Qcw,0
GbU8DunW,0
os9jIiCd,0
YH924BIN,0
c7W3GtwB,0
Q9uKq2aM,0
IQPCJyzO,0
RC3kjdlF,0
wOToWNIq,0
GdzimAtb,0
FikPlTvJ,0
RcLXy0ng,0
WoZIryCM,0
p9cEAJsy,0
UCRKPqrw,0
HwJ75nTp,0
IjxNAb01,0
GnhxkbcE,0
Kv2guLqN,0
1Ezg6980,0
u6itBabk,0
5OAhwx6T,0
ZnqgTFN8,0
Uzo0C2Z3,0
kibh7ZPK,0
sTwIqbVM,0
9qHlarc6,0
PBGMUScQ,0
45KzZq3o,0
kRxHPLNl,0
BYdVQJju,0
ZiJqr1NK,0
y0uJrFpK,0
z6Uv3VsC,0
PGn9dH2v,0
R7jzFTMo,0
JFjPlVQU,0
hBRVkI73,0
SEVkNMgI,0
nxXyTogD,0
59nMZckj,0
uFUDbSt6,0
xru08pOZ,0
uYJBVR9I,0
usbhWY8x,0
8OQi74Ax,0
QSZfCK59,0
N0pkTQyo,0
DIXwWOH0,0
hKrOuvwA,0
BlXV1GNY,0
Nj5C1snK,0
fr8hKNJP,0
DCtMnxTS,0
4Mwh1IVA,0
fn9LuAWz,0
hGn4oFPN,0
OBQFVrmc,0
l7VMfr14,0
5lmbS7sx,0
ZNB9y6kA,0
obHvESjq,0
s21yIXCe,0
ZXWO1Pnf,0
3kHaGSEc,0
PSmZFG2n,0
CihpsMjL,0
hYmtAlZn,0
fOi7wJ4C,0
Zfbhav27,0
hFDZSCEG,0
m6R21han,0
XtyFqPQA,0
KdsPbH7A,0
MVdpgB75,0
5WOB49Eq,0
wTVk2OeX,0
uvXn8SNx,0
l3YbhtHO,0
MFqyWOVs,0
GDxRXyqn,0
c7RdJeBi,0
D1clAqkx,0
ugc7oJWh,0
yS93ezLf,0
UVy8xZce,0
ZvEbolhD,0
TK3RCLhZ,0
UlJTNdqV,0
c5U3ftHe,0
q7xtyX4c,0
IpSt5a2J,0
EgysqMzW,0
3IbwG6AR,0
WXThmvR4,0
07UoE5tI,0
jt083Ovz,0
RXATBC4W,0
VI7PhxLZ,0
6rGUwBSW,0
zOciyK4w,0
vCyUEI5m,0
1Hhcnl0i,0
KB85iGOy,0
uge3wZtF,0
qlo4gSFO,0
RjHP6Qvn,0
YeEkUVJK,0
uvAmVRks,0
gyY1FnPB,0
cwg95Tbd,0
RZw3QfjD,0
xoTyih7B,0
vSFoAf9G,0
H9UastWl,0
lXiDhZGC,0
F0VDr9Zc,0
3Fl5H12A,0
Olx7gipM,0
